{
  "id": "pig.json",
  "dimension": {
    "x": 518.5716247558594,
    "y": 448.00086975097656
  },
  "events": [
    
  ]
}
